time [s],q1 [rad],q2 [rad],q1dot [rad/s],q2dot [rad/s],q1ddot [rad/s^2],q2ddot [rad/s^2],u1 [Nm],u2 [Nm]
0.000000,0.000000,0.000000,0.000000,0.000000,0.000000,0.000000,20.000000,-20.000000
0.100000,0.371736,-2.629254,-1.595467,-34.413017,-184.722970,-292.286035,15.780846,-15.780846
0.200000,0.902203,-7.309122,9.462351,-42.280467,-290.244729,1030.808384,5.878921,-5.878921
0.300000,1.176819,-9.625260,0.161653,-9.695804,-18.253376,200.186431,-5.733770,5.733770
0.400000,1.099029,-8.284001,-1.850307,14.040280,-57.244598,205.473487,-14.640577,14.640577
0.500000,0.381408,-5.554360,-10.988973,46.245414,206.908095,-706.475739,-17.649938,17.649938
0.600000,-0.401427,-1.141640,-14.080942,48.654124,-320.391101,1119.649038,-13.926548,13.926548
0.700000,-1.700752,3.324711,-6.158560,31.207406,-13.903198,-143.124029,-5.188130,5.188130
0.800000,-2.231306,5.303758,-7.097639,15.460607,89.180640,-375.989278,5.060034,-5.060034
0.900000,-2.656479,5.221724,0.790608,-21.712715,-31.378346,-138.348858,12.920264,-12.920264
1.000000,-2.760292,2.043056,2.414414,-29.845427,205.660747,-133.427779,15.576016,-15.576016
1.100000,-1.866863,-2.625516,3.876172,-35.002034,-165.578407,-181.046060,12.290135,-12.290135
1.200000,-0.781449,-6.961254,14.272179,-48.938533,-305.855215,1485.207641,4.578508,-4.578508
1.300000,0.177823,-9.044218,10.482403,4.702926,-43.071699,340.585590,-4.465465,4.465465
1.400000,0.527450,-5.557862,-3.151723,38.563111,185.685249,-578.255349,-11.402093,11.402093
1.500000,0.855453,-3.011206,8.457614,34.812766,-241.875765,-134.323141,-13.745786,13.745786
1.600000,0.608152,1.248611,-6.013079,34.694253,196.006488,-475.855378,-10.846006,10.846006
1.700000,0.371986,3.981186,-4.419242,25.682861,-104.582132,6.224514,-4.040519,4.040519
1.800000,-0.264597,6.962598,-3.351068,5.333872,97.032035,-468.210742,3.940759,-3.940759
1.900000,-0.191518,5.828837,2.781640,-19.987790,-26.695444,62.226184,10.062312,-10.062312
2.000000,-0.150712,3.444356,-2.782366,-24.773933,-37.763330,-129.465157,12.130613,-12.130613
2.100000,0.189451,0.063837,12.624326,-55.202612,-8.903333,120.660599,9.571567,-9.571567
2.200000,0.631900,-2.812953,0.875092,-20.319850,-42.426719,48.939275,3.565746,-3.565746
2.300000,0.867931,-4.669954,1.477110,-8.944085,-16.704302,126.564437,-3.477707,3.477707
2.400000,0.853850,-4.986446,-1.988189,5.357961,-38.000826,133.640017,-8.879959,8.879959
2.500000,0.451726,-3.188801,-3.684793,15.742263,-6.549617,127.166124,-10.705229,10.705229
2.600000,-0.110897,-0.932765,-9.802942,35.886255,-159.626331,588.697002,-8.446878,8.446878
2.700000,-0.968087,2.044175,-5.691214,14.290453,25.299477,-139.298943,-3.146760,3.146760
2.800000,-1.543708,3.022256,-4.186882,1.966683,19.193184,-118.975385,3.069066,-3.069066
2.900000,-1.668865,2.613254,-0.698104,-9.401398,57.017781,-100.061514,7.836536,-7.836536
3.000000,-1.463015,0.909580,7.542201,-28.894516,150.478972,-462.979873,9.447331,-9.447331
3.100000,-0.666597,-1.930359,7.745436,-20.645966,8.305112,105.190552,7.454344,-7.454344
3.200000,0.177323,-3.280890,9.571648,-13.098256,-27.699083,-70.219220,2.777006,-2.777006
3.300000,0.990656,-5.059103,6.823233,-17.120315,-27.816189,81.715613,-2.708441,2.708441
3.400000,1.239290,-5.009155,-0.408010,9.894306,-47.254214,173.639978,-6.915719,6.915719
3.500000,1.184226,-3.964088,-1.154920,16.749759,17.790464,90.661534,-8.337240,8.337240
3.600000,0.936589,-2.146710,-5.323632,22.770347,-78.224835,107.122574,-6.578435,6.578435
3.700000,0.091114,0.960484,-7.737963,18.822049,58.993409,-331.604456,-2.450699,2.450699
3.800000,-0.522689,1.431185,-4.663190,-3.382062,34.162039,-178.771201,2.390191,-2.390191
3.900000,-0.600675,0.161189,2.414526,-23.900310,51.429507,-125.080368,6.103100,-6.103100
4.000000,-0.491468,-1.670028,-0.101539,-16.612930,-28.215854,-4.669156,7.357589,-7.357589
4.100000,-0.520866,-3.339246,0.066434,-19.877060,78.434704,42.957680,5.805449,-5.805449
4.200000,-0.236272,-5.760506,7.047201,-23.454252,49.328890,-107.852064,2.162734,-2.162734
4.300000,0.216578,-6.527343,1.666033,0.020873,-39.761188,180.551292,-2.109336,2.109336
4.400000,0.157687,-6.186926,-2.111330,14.744944,-3.938533,5.281529,-5.385967,5.385967
4.500000,0.015783,-4.936253,-0.849082,14.166003,13.955626,-5.154201,-6.493049,6.493049
4.600000,0.005833,-3.185488,0.519898,15.369919,-7.547208,0.101215,-5.123291,5.123291
4.700000,-0.082063,-1.777782,-2.020234,12.449810,-23.437008,12.953405,-1.908606,1.908606
4.800000,-0.352378,-0.565997,-2.140840,10.183174,40.532017,-197.465520,1.861483,-1.861483
4.900000,-0.303817,-0.661831,2.360312,-8.207120,20.429215,-68.521887,4.753099,-4.753099
5.000000,-0.045117,-1.686818,2.871255,-9.372130,4.607673,6.701285,5.730096,-5.730096
5.100000,0.261935,-2.720203,3.580681,-7.877272,2.477627,15.898898,4.521288,-4.521288
5.200000,0.627176,-3.118191,3.036662,-8.241623,-13.520457,10.002073,1.684339,-1.684339
5.300000,0.872066,-3.709369,1.350749,-4.204139,-19.413102,51.125068,-1.642753,1.642753
5.400000,0.884725,-4.239862,-1.246130,1.662416,-28.090101,62.438940,-4.194596,4.194596
5.500000,0.651573,-3.487702,-3.385485,6.712486,-24.579719,29.386879,-5.056792,5.056792
5.600000,0.165861,-2.850882,-4.676878,9.441674,2.484992,61.177123,-3.990023,3.990023
5.700000,-0.331236,-1.491228,-5.234985,14.283577,-9.031348,47.380170,-1.486424,1.486424
5.800000,-0.858521,-0.153518,-2.735569,6.011793,67.588344,-295.342716,1.449724,-1.449724
5.900000,-0.760142,-0.484429,1.803600,-8.351998,20.567090,-39.083568,3.701718,-3.701718
6.000000,-0.472286,-1.471798,3.174637,-9.085453,12.522738,19.212019,4.462603,-4.462603
6.100000,-0.106585,-2.278517,4.569060,-5.307092,17.090230,52.260291,3.521183,-3.521183
6.200000,0.383743,-2.490059,5.058768,-0.310248,-4.184841,59.374494,1.311765,-1.311765
6.300000,0.896972,-2.180330,3.865326,5.360096,-34.963162,53.692798,-1.279377,1.279377
6.400000,1.139821,-1.463723,-0.389863,10.063567,-43.040300,82.809044,-3.266754,3.266754
6.500000,0.747651,0.071976,-5.407309,19.927271,12.709900,-133.200836,-3.938234,3.938234
6.600000,0.316779,1.466423,-3.890814,8.978068,-3.382564,-62.267201,-3.107433,3.107433
6.700000,-0.090618,1.771390,-4.274358,1.194905,0.174643,-71.283510,-1.157628,1.157628
6.800000,-0.450332,1.626124,-2.762083,-6.351673,34.623654,-70.795676,1.129046,-1.129046
6.900000,-0.627512,0.426342,1.459684,-15.826318,39.852981,-86.082159,2.882901,-2.882901
7.000000,-0.422397,-1.005601,1.251125,-9.458016,-4.426501,50.501007,3.475479,-3.475479
7.100000,-0.293520,-1.812764,1.393313,-7.439692,7.334742,31.749189,2.742300,-2.742300
7.200000,-0.088105,-2.467853,2.231444,-2.998724,10.320714,52.242431,1.021603,-1.021603
7.300000,0.179833,-2.392741,2.974106,2.555188,-6.675979,55.555713,-0.996380,0.996380
7.400000,0.383341,-1.740771,0.828273,8.984136,-30.514702,64.136397,-2.544151,2.544151
7.500000,0.286016,-0.427269,-3.373326,19.026236,-35.861824,80.549710,-3.067099,3.067099
7.600000,0.023047,0.818265,-1.704590,8.387689,10.636019,-75.876700,-2.420071,2.420071
7.700000,-0.112805,1.483389,-1.070739,2.669350,3.380001,-54.983509,-0.901562,0.901562
7.800000,-0.188263,1.475655,-0.485524,-3.330978,10.461526,-61.039799,0.879302,-0.879302
7.900000,-0.159782,0.726474,1.362663,-10.747006,26.186768,-76.496341,2.245205,-2.245205
8.000000,0.036040,-0.385756,1.684152,-9.259125,-14.609830,75.860209,2.706706,-2.706706
8.100000,0.159830,-1.211495,0.910245,-4.578758,-4.472618,39.694412,2.135705,-2.135705
8.200000,0.199451,-1.275670,0.457057,-1.094267,-4.474399,38.515171,0.795625,-0.795625
8.300000,0.217331,-1.371670,-0.238910,3.949113,-9.665923,54.520603,-0.775981,0.775981
8.400000,0.128839,-0.662602,-1.736627,9.543186,-18.068954,57.124613,-1.981387,1.981387
8.500000,-0.079465,0.408942,-1.755141,8.359300,10.676510,-63.368808,-2.388659,2.388659
8.600000,-0.196487,0.938266,-1.006128,3.805382,5.248485,-35.993696,-1.884753,1.884753
8.700000,-0.277842,1.227793,-0.407354,0.380518,6.150739,-38.774328,-0.702137,0.702137
8.800000,-0.282252,1.131235,0.510114,-3.712276,13.121579,-52.140961,0.684801,-0.684801
8.900000,-0.153865,0.387661,2.090151,-8.996914,11.186591,-24.619423,1.748568,-1.748568
9.000000,0.024952,-0.491278,1.761556,-6.763096,-6.402553,37.625953,2.107984,-2.107984
9.100000,0.158131,-0.916918,1.154721,-3.000759,-4.722811,33.521297,1.663289,-1.663289
9.200000,0.255999,-1.018338,0.646468,0.257486,-7.707869,34.302093,0.619634,-0.619634
9.300000,0.257241,-0.920778,-0.326530,4.727844,-12.319928,41.272302,-0.604335,0.604335
9.400000,0.202440,-0.198576,-1.558228,7.462855,-5.461772,3.978159,-1.543105,1.543105
9.500000,0.030987,0.434788,-1.267441,5.711472,3.141152,-28.345486,-1.860290,1.860290
9.600000,-0.091497,0.929593,-1.092087,2.537222,2.828775,-27.917956,-1.467847,1.467847
9.700000,-0.173761,1.008379,-0.746292,-0.531595,5.664045,-32.186218,-0.546825,0.546825
9.800000,-0.226403,0.768530,0.155862,-4.426410,10.018178,-38.089367,0.533324,-0.533324
9.900000,-0.136693,0.131148,1.089002,-6.285931,3.109350,3.101162,1.361786,-1.361786
10.000000,-0.041938,-0.471172,0.897626,-4.429362,-2.177206,24.398296,1.641700,-1.641700
10.100000,0.049137,-0.717312,0.782223,-2.338872,-2.104893,26.361168,1.295371,-1.295371
10.200000,0.113417,-0.924189,0.517065,0.679702,-4.655664,31.430977,0.482571,-0.482571
10.300000,0.126641,-0.678988,-0.189869,3.712863,-8.906818,31.489008,-0.470657,0.470657
10.400000,0.076706,-0.127041,-0.749916,6.221537,-1.580279,-3.878891,-1.201772,1.201772
10.500000,0.000248,0.406194,-0.619527,3.724702,2.002535,-22.067370,-1.448795,1.448795
10.600000,-0.055678,0.706265,-0.467334,1.928726,2.289425,-21.026085,-1.143161,1.143161
10.700000,-0.095252,0.723623,-0.163073,-0.623619,3.591025,-27.321612,-0.425868,0.425868
10.800000,-0.077630,0.602732,0.351564,-3.542259,6.487824,-25.599562,0.415353,-0.415353
10.900000,-0.021102,0.114263,0.739196,-5.200507,0.615505,2.895371,1.060560,-1.060560
11.000000,0.041783,-0.351859,0.599881,-3.872588,-2.577778,16.633157,1.278557,-1.278557
11.100000,0.096540,-0.583738,0.318920,-1.675791,-2.926229,19.372456,1.008836,-1.008836
11.200000,0.108108,-0.616339,-0.022237,0.691314,-3.710776,22.905705,0.375827,-0.375827
11.300000,0.078176,-0.414077,-0.488690,3.176046,-4.501536,22.089436,-0.366548,0.366548
11.400000,0.016292,-0.074495,-0.707020,3.944728,-0.415781,-2.249376,-0.935941,0.935941
11.500000,-0.061505,0.280759,-0.685766,3.025960,2.464573,-14.754143,-1.128323,1.128323
11.600000,-0.116928,0.509087,-0.351107,1.208445,3.507010,-19.076417,-0.890294,0.890294
11.700000,-0.133788,0.549582,0.014141,-0.678174,4.218280,-21.296319,-0.331666,0.331666
11.800000,-0.096957,0.402951,0.475955,-2.632489,4.220192,-16.838603,0.323477,-0.323477
11.900000,-0.037487,0.043829,0.697475,-3.222730,0.792834,2.112345,0.825965,-0.825965
12.000000,0.031173,-0.270699,0.703080,-2.731753,-1.747755,13.946402,0.995741,-0.995741
12.100000,0.087210,-0.434560,0.488786,-1.102642,-2.667115,18.804257,0.785682,-0.785682
12.200000,0.115018,-0.519774,0.091053,0.767927,-4.217721,20.955383,0.292694,-0.292694
12.300000,0.110265,-0.287334,-0.347933,2.443890,-4.026918,12.987637,-0.285468,0.285468
12.400000,0.055547,-0.022982,-0.546887,2.837916,-1.157992,-2.047127,-0.728911,0.728911
12.500000,-0.003260,0.235785,-0.652039,2.146851,0.884905,-11.776111,-0.878739,0.878739
12.600000,-0.052197,0.406278,-0.436549,1.008966,2.326968,-15.136890,-0.693362,0.693362
12.700000,-0.079071,0.441327,-0.149044,-0.702465,3.036901,-18.114723,-0.258302,0.258302
12.800000,-0.082130,0.282085,0.195814,-2.110957,3.482763,-11.544489,0.251924,-0.251924
12.900000,-0.055724,0.019978,0.412913,-2.690896,0.989707,1.565791,0.643262,-0.643262
13.000000,-0.007212,-0.227698,0.395219,-2.136402,-0.633227,9.425456,0.775484,-0.775484
13.100000,0.032171,-0.403310,0.313650,-0.754386,-1.725153,12.821233,0.611890,-0.611890
13.200000,0.051258,-0.407100,0.113390,0.624559,-2.570383,16.353238,0.227951,-0.227951
13.300000,0.050163,-0.231182,-0.148651,1.865132,-2.232089,9.932613,-0.222322,0.222322
13.400000,0.027799,-0.022069,-0.339635,2.467209,-0.672624,-1.104314,-0.567677,0.567677
13.500000,-0.005842,0.183892,-0.279374,1.812267,0.640911,-8.307373,-0.684362,0.684362
13.600000,-0.030252,0.337168,-0.191791,0.824844,1.497895,-13.729001,-0.539991,0.539991
13.700000,-0.041920,0.320833,-0.010216,-0.582444,2.112895,-13.919385,-0.201166,0.201166
13.800000,-0.032600,0.215216,0.200081,-1.848441,1.940836,-8.584575,0.196199,-0.196199
13.900000,-0.006252,0.022213,0.300465,-1.923181,0.342148,0.840387,0.500973,-0.500973
14.000000,0.025426,-0.179988,0.264981,-1.747055,-1.012915,7.624264,0.603948,-0.603948
14.100000,0.042205,-0.295272,0.129874,-0.665045,-1.786080,10.341641,0.476540,-0.476540
14.200000,0.047658,-0.297637,-0.046666,0.474646,-2.130256,12.172273,0.177528,-0.177528
14.300000,0.033626,-0.174073,-0.227910,1.370289,-1.520282,7.453229,-0.173145,0.173145
14.400000,0.005201,-0.019409,-0.336880,1.731676,-0.244769,-0.623017,-0.442107,0.442107
14.500000,-0.029824,0.157430,-0.298375,1.538850,1.020236,-7.165686,-0.532982,0.532982
14.600000,-0.051620,0.232550,-0.174365,0.560838,1.839169,-10.337353,-0.420545,0.420545
14.700000,-0.052435,0.243901,0.033539,-0.426363,2.070098,-9.215950,-0.156668,0.156668
14.800000,-0.042726,0.171606,0.235243,-1.286669,1.711133,-6.250956,0.152800,-0.152800
14.900000,-0.015028,0.012714,0.318001,-1.573369,0.450206,0.496405,0.390158,-0.390158
15.000000,0.017881,-0.123951,0.328497,-1.223947,-0.701871,6.044229,0.470355,-0.470355
15.100000,0.046901,-0.214280,0.177498,-0.461918,-1.468719,9.657273,0.371130,-0.371130
15.200000,0.054975,-0.222210,0.018834,0.403045,-2.038076,9.063917,0.138259,-0.138259
15.300000,0.048126,-0.139412,-0.170522,1.233365,-1.508494,5.079981,-0.134845,0.134845
15.400000,0.022585,-0.006535,-0.292494,1.433942,-0.624061,-0.489724,-0.344313,0.344313
15.500000,-0.003708,0.110354,-0.279140,1.136683,0.398287,-5.367543,-0.415087,0.415087
15.600000,-0.027891,0.190351,-0.208938,0.398539,1.144256,-7.651924,-0.327521,0.327521
15.700000,-0.042423,0.182440,-0.053609,-0.410673,1.586524,-7.248493,-0.122013,0.122013
15.800000,-0.039185,0.134733,0.093942,-1.046908,1.273680,-4.471304,0.119001,-0.119001
15.900000,-0.023533,0.006467,0.210724,-1.272652,0.500953,0.434807,0.303855,-0.303855
16.000000,-0.001405,-0.110834,0.224558,-1.042025,-0.292330,4.304745,0.366313,-0.366313
16.100000,0.015903,-0.170864,0.143972,-0.403552,-0.861594,7.533878,0.289036,-0.289036
16.200000,0.024243,-0.190901,0.034859,0.359730,-1.121742,6.826583,0.107676,-0.107676
16.300000,0.022860,-0.105704,-0.073192,1.008319,-0.932593,4.216661,-0.105018,0.105018
16.400000,0.012728,-0.007913,-0.154980,1.110958,-0.378541,-0.345472,-0.268152,0.268152
16.500000,-0.003803,0.091833,-0.156885,0.848324,0.348139,-4.321061,-0.323270,0.323270
16.600000,-0.014997,0.146791,-0.084734,0.303402,0.768714,-5.643632,-0.255074,0.255074
16.700000,-0.022337,0.170239,0.002143,-0.296779,0.905843,-5.993007,-0.095024,0.095024
16.800000,-0.017407,0.099188,0.098555,-0.813225,0.820271,-3.328898,0.092678,-0.092678
16.900000,-0.003600,0.008646,0.140643,-0.930081,0.201151,0.225336,0.236643,-0.236643
17.000000,0.010101,-0.074379,0.136611,-0.712674,-0.414526,3.427868,0.285285,-0.285285
17.100000,0.019618,-0.147788,0.063539,-0.280986,-0.817389,5.892107,0.225102,-0.225102
17.200000,0.023872,-0.145359,-0.024660,0.270396,-0.923261,5.277805,0.083858,-0.083858
17.300000,0.017487,-0.080779,-0.099129,0.751826,-0.716237,3.062562,-0.081788,0.081788
17.400000,0.002663,-0.008165,-0.167713,0.906970,-0.162492,-0.178582,-0.208837,0.208837
17.500000,-0.013098,0.073480,-0.132516,0.640440,0.455182,-2.917816,-0.251763,0.251763
17.600000,-0.025019,0.122690,-0.070840,0.267961,0.819599,-4.734999,-0.198652,0.198652
17.700000,-0.025428,0.124352,0.017314,-0.240541,0.881705,-4.324314,-0.074005,0.074005
17.800000,-0.020672,0.071829,0.099417,-0.662936,0.771303,-2.487729,0.072178,-0.072178
17.900000,-0.006854,0.005270,0.143305,-0.746032,0.225121,0.187101,0.184298,-0.184298
18.000000,0.007277,-0.065617,0.129998,-0.569882,-0.327735,2.958998,0.222180,-0.222180
18.100000,0.020231,-0.114250,0.094359,-0.208254,-0.681181,4.317419,0.175309,-0.175309
18.200000,0.025764,-0.109875,0.007335,0.207305,-0.854969,3.984643,0.065309,-0.065309
18.300000,0.019362,-0.062096,-0.069336,0.550429,-0.691211,2.581668,-0.063696,0.063696
18.400000,0.010084,-0.003183,-0.131182,0.689624,-0.247086,-0.208609,-0.162642,0.162642
18.500000,-0.001854,0.056232,-0.137980,0.546783,0.222772,-2.299803,-0.196073,0.196073
18.600000,-0.013100,0.085661,-0.086016,0.181293,0.585774,-3.528153,-0.154710,0.154710
18.700000,-0.020105,0.096721,-0.021865,-0.202828,0.755579,-3.587015,-0.057635,0.057635
18.800000,-0.016162,0.059259,0.047326,-0.532469,0.602051,-1.948341,0.056212,-0.056212
18.900000,-0.009691,0.002620,0.099365,-0.572931,0.271266,0.162307,0.143531,-0.143531
19.000000,-0.000025,-0.046246,0.089431,-0.414736,-0.142790,2.190353,0.173034,-0.173034
19.100000,0.007664,-0.091506,0.067431,-0.173770,-0.481619,3.274194,0.136531,-0.136531
19.200000,0.011238,-0.083451,0.012841,0.156532,-0.581746,3.153454,0.050863,-0.050863
19.300000,0.010589,-0.052472,-0.042165,0.425702,-0.460677,1.920762,-0.049607,0.049607
19.400000,0.005404,-0.003801,-0.078043,0.556297,-0.158601,-0.131535,-0.126666,0.126666
19.500000,-0.002204,0.041490,-0.065199,0.448209,0.155579,-1.845624,-0.152702,0.152702
19.600000,-0.007349,0.076607,-0.041238,0.155583,0.390182,-3.178572,-0.120488,0.120488
19.700000,-0.009858,0.078318,0.001598,-0.138204,0.512100,-2.754267,-0.044886,0.044886
19.800000,-0.007863,0.047003,0.042072,-0.409213,0.387316,-1.599929,0.043778,-0.043778
19.900000,-0.001777,0.004450,0.074081,-0.473733,0.101906,0.097224,0.111782,-0.111782
20.000000,0.004733,-0.041672,0.058190,-0.330106,-0.190121,1.676523,0.000000,0.000000
